"Private Beach Dinner","private-beach-dinner","<p>Indulge in a private, candlelit beach dinner with fresh seafood, right on the sands of the Maldives.</p>"
"Cherry Blossom Viewing","cherry-blossom-viewing","<p>Visit Tokyo’s best cherry blossom spots during spring and enjoy the stunning pink and white flowers in full bloom.</p>"
"Sumo Wrestling Match","Sumo Wrestling Match","<p>Experience the thrilling spectacle of a live sumo wrestling match in Tokyo, a truly unique cultural event.</p>"
"Visit Oia Village","visit-oia-village","<p>Wander through the charming village of Oia, known for its white-washed houses, blue-domed churches, and breathtaking views.</p>"
"Sunset Cruise","sunset-cruise","<p>Enjoy a romantic sunset cruise around Santorini, taking in stunning views of the caldera and the Aegean Sea.</p>"
"Table Mountain Hike","table-mountain-hike","<p>Hike to the top of Cape Town's iconic Table Mountain for panoramic views of the city and surrounding coastline.</p>"
"Vatican Museums Tour","vatican-museums-tour","<p>Explore the world-renowned Vatican Museums, home to a vast collection of art, including the Sistine Chapel and Raphael Rooms.</p>"
"Colosseum Tour","colosseum-tour","<p>A guided tour of the ancient Colosseum, one of Rome's most iconic landmarks, where you’ll learn about its fascinating history.</p>"
"Visit Kinkaku-ji (Golden Pavilion)","visit-kinkaku-ji-golden-pavilion","<p>Pavillion</p><p></p>"
"Louvre Museum Visit","louvre-museum-visit","<p>The museum.</p>"
"Eiffel Tower Tour","eiffel-tower-tour","<p>The tower</p>"
"Cooking Class with a Local Chef","cooking-class-with-a-local-chef","This is a sample description of the experience titled 'Cooking Class with a Local Chef'."
"Night Market Shopping","night-market-shopping","This is a sample description of the experience titled 'Night Market Shopping'."
"Luxury Train Journey","luxury-train-journey","This is a sample description of the experience titled 'Luxury Train Journey'."
"Historical Walking Tour","historical-walking-tour","This is a sample description of the experience titled 'Historical Walking Tour'."
"Hot Air Balloon Ride","hot-air-balloon-ride","This is a sample description of the experience titled 'Hot Air Balloon Ride'."
"Artisanal Chocolate Making","artisanal-chocolate-making","This is a sample description of the experience titled 'Artisanal Chocolate Making'."
"Desert Glamping","desert-glamping","This is a sample description of the experience titled 'Desert Glamping'."
"Winery Bike Tour","winery-bike-tour","This is a sample description of the experience titled 'Winery Bike Tour'."
"Street Food Crawl","street-food-crawl","This is a sample description of the experience titled 'Street Food Crawl'."
"Private Yacht Day","private-yacht-day","This is a sample description of the experience titled 'Private Yacht Day'."
"Canoe Ride on Lake Louise","canoe-ride-on-lake-louise","This is a sample description of the experience titled 'Canoe Ride on Lake Louise'."
"Designer Stroll in St. Barts","designer-stroll-in-st-barts","This is a sample description of the experience titled 'Designer Stroll in St. Barts'."
"Underwater Villa Morning in Maldives","underwater-villa-morning-in-maldives","This is a sample description of the experience titled 'Underwater Villa Morning in Maldives'."
"Blue Lagoon Soak","blue-lagoon-soak","This is a sample description of the experience titled 'Blue Lagoon Soak'."
"Island Hop in Cartagena","island-hop-in-cartagena","This is a sample description of the experience titled 'Island Hop in Cartagena'."
"Balinese Temple Blessing","balinese-temple-blessing","This is a sample description of the experience titled 'Balinese Temple Blessing'."
"Volcanic Beach Sail in Santorini","volcanic-beach-sail-in-santorini","This is a sample description of the experience titled 'Volcanic Beach Sail in Santorini'."
"Tango Night in Buenos Aires","tango-night-in-buenos-aires","This is a sample description of the experience titled 'Tango Night in Buenos Aires'."
"Souk Shopping in Marrakech","souk-shopping-in-marrakech","This is a sample description of the experience titled 'Souk Shopping in Marrakech'."
"Pastry Tour of Paris","pastry-tour-of-paris","This is a sample description of the experience titled 'Pastry Tour of Paris'."
"Jetboat Thrill in Queenstown","jetboat-thrill-in-queenstown","This is a sample description of the experience titled 'Jetboat Thrill in Queenstown'."
"Cenote Swim in Tulum","cenote-swim-in-tulum","This is a sample description of the experience titled 'Cenote Swim in Tulum'."
"Safari Sunset in South Africa","safari-sunset-in-south-africa","This is a sample description of the experience titled 'Safari Sunset in South Africa'."
"Geisha Dinner in Kyoto","geisha-dinner-in-kyoto","This is a sample description of the experience titled 'Geisha Dinner in Kyoto'."
"Cliffside Hike in Amalfi","cliffside-hike-in-amalfi","This is a sample description of the experience titled 'Cliffside Hike in Amalfi'."
